model,accuracy,precision,recall,f1
Logistic Regression,0.8530734632683659,0.4594594594594595,0.17894736842105263,0.25757575757575757
Decision Tree,0.9175412293853074,0.7040816326530612,0.7263157894736842,0.7150259067357513
Random Forest,0.9535232383808095,0.9571428571428572,0.7052631578947368,0.8121212121212121
